full_name,iban,email
Alexander Wright,CR31CSLX2157111958475792,b+72@example.com
Hannah Foster,HX66TEDY9432557008721813,w+62@example.com
Mia Moore,UQ09JZFW3099511194281460,q+63@example.com
Daniel Thompson,WG55EHPY8034430200816222,t+34@example.com
Olivia Anderson,IA64AZRF0974124059119540,b+85@example.com
Levi Peterson,JL39VSWB6759168364148560,x+71@example.com
Nathan Ward,WB77IWTL7479335717337104,u+10@example.com
Grace Cooper,TJ01RJYX8915131919658516,j+13@example.com
Hunter Turner,UN01NSQD8758182264641524,g+61@example.com
Natalie Turner,GE38QKDI3669855462568638,f+18@example.com
Charlotte Hill,WY43SADC8995874367768131,c+43@example.com
Avery Cox,HY36LHZR3643502386939455,m+73@example.com
Violet Perry,KR77UJZD7132263261730708,m+15@example.com
Chloe Reed,RB96QOGG9814514798263406,m+87@example.com
Aria Coleman,XI25KPTM6042498694249300,o+23@example.com
Matthew Stewart,KX21COEK1555182209833532,x+98@example.com
Madison Howard,RO78OROD0594985604344531,e+62@example.com
Lillian Cox,MB71QQXT2596515408023571,h+44@example.com
Brooklyn Mitchell,MU67FMKH9598284189685918,r+93@example.com
Andrew Brooks,ZT15HFSW6569840988100756,j+31@example.com
Isabella Thomas,JD37GEUH5940847826443166,l+42@example.com
Nicholas Powell,MW63ZIOO0588568130697102,y+24@example.com
Gabriel Morgan,PH94XAOK3381728775018070,j+63@example.com
Aurora Bell,DE70AHRX6356064073233659,e+29@example.com
Luke Barnes,MC01IEHV8501188035626016,s+98@example.com
John Smith,RW16JLAK0388910387065777,m+83@example.com
Josiah Ramirez,HF37RMOJ8246383870328745,z+01@example.com
William Lewis,GE52XFEW2209056170643350,k+40@example.com
Stella Foster,LU00QWLD2601460964897893,n+56@example.com
Ella Carter,LP57GXIN3056172558480196,r+17@example.com
Christopher Price,PG29ITFN6814697311412996,a+30@example.com
Colton Butler,IS65NOOT7036669168746884,t+90@example.com
Zoe Cook,ZI40WWBF9188737626049510,z+66@example.com
Elena Simmons,DA04GCZV4378609746146065,m+35@example.com
Samuel Gray,LG40BJYQ2783542351843180,g+73@example.com
Emilia Brooks,KL92DVFG3211071211689811,v+16@example.com
Joshua Watson,AX41UZMB6176142035203942,g+72@example.com
Sophia Taylor,DC32IFVW1036082114231444,x+54@example.com
Ellie Simmons,IS66KDVL6727524589966948,j+62@example.com
Carter Foster,SQ68TMZF8698667528323620,w+19@example.com
Caleb Richardson,HJ81JUWR1495896049004272,y+88@example.com
David Anderson,BP29TPUJ6310621823872564,n+09@example.com
Henry Phillips,ZA10QTHR7787100159561975,n+55@example.com
Owen Morris,NV11IYUJ0247872457522336,r+83@example.com
Adrian Simmons,GJ55FOHC5561545662515367,v+51@example.com
Layla Simmons,IX63EVCR9164658456456181,b+11@example.com
Benjamin Adams,TQ42FQGK7504668908121082,g+99@example.com
Julian Ross,PE04NCIT8887865280077429,l+95@example.com
Elijah Hughes,VA37QMCG8437852428929762,z+63@example.com
Isaiah Ramirez,ND29ASZK3936747590760083,m+63@example.com
Naomi Ross,MG63MBOA0937923648077673,a+27@example.com
Wyatt Butler,MG00YLSI7343127168356658,h+45@example.com
Luna Peterson,ZX06NZJH0310079067754103,p+96@example.com
Maya Mitchell,JR00QGBS4796525914237521,u+76@example.com
Addison Simmons,DE30ZEUF5582227351032491,h+90@example.com
Scarlett Foster,EV55TMCH8919184385596396,n+55@example.com
Evelyn Brooks,LQ72NGWI2810989838856681,s+27@example.com
Dominic Ward,EU56HOYA8868219525668712,e+93@example.com
Jonathan Hughes,XA28NAIG6798026498738774,u+21@example.com
Jack Long,WJ40UIUQ2618112143886576,y+74@example.com
Abigail Ross,SM44WYFN9387020646075746,d+37@example.com
Josephine Simmons,DK16NRGZ3074443210958974,k+23@example.com
Elizabeth Perry,EQ89KOZE1588776990762580,b+06@example.com
Sofia Watson,UL87SMJY0995132841158778,h+71@example.com
Hazel Coleman,RJ92VCJA0240979129986579,v+57@example.com
Michael Davis,OC06NIHQ3445682540896305,n+07@example.com
James Clark,WO71OALR7349870387403646,v+07@example.com
Sebastian Foster,YK16DWHC2525181133357675,l+35@example.com
Amelia Mitchell,SE06PMBI1724666946267952,o+91@example.com
Penelope Perry,IB64RWDI3050423740546318,g+74@example.com
Ava Walker,HY94UFSX0766276800103780,u+21@example.com
Emily Johnson,FU57KYSJ7187405817063989,n+39@example.com
Lily Patterson,CP93PHOD1189664902815922,z+33@example.com
Matthew Martinez,QT17CEZY5756286371227346,x+76@example.com
Audrey Cox,ZJ12DKWM9070280471180140,c+23@example.com
Daniel Rodriguez,KC15SUGY3023429585614326,o+19@example.com
Emma Wilson,XT25GEWA7881352979972952,k+26@example.com
Paisley Simmons,LH44PEZY4533729364383296,u+95@example.com
Eli Richardson,ZR23USPZ4041172964291836,l+42@example.com
Ryan Bell,UG76HDRU1828246465536511,g+19@example.com
Joseph Hernandez,EH78AMHE9066831125295114,e+83@example.com
Isaac Richardson,FW13CYSE4571296548592389,l+35@example.com
Nova Hill,XW12RCHV9007093543843453,d+41@example.com
Victoria Rivera,PD23WILD1239964726634228,q+46@example.com
Daniel Reed,CY23HMWJ3638338954966778,e+04@example.com
Harper Turner,NQ05SWXH3161857744818722,g+27@example.com
Samuel Brooks,JZ46LVFP1520270332454701,u+35@example.com
Madison Coleman,BX86KXTX7946134086757125,f+71@example.com
Madison Simmons,ZL56NHTE3756370634347227,k+06@example.com
Joseph Simmons,AK68IWJV6862895554790762,n+52@example.com
James Foster,RG03FXEU7598173753305108,h+42@example.com
Josephine Cooper,IE20IGFH7890055504218375,o+62@example.com
William Foster,SF04KUSU1579705215375360,y+28@example.com
Evelyn Coleman,IM52PCGO3521041325878035,a+11@example.com
Lily Torres,MZ66RXFN8640839150102451,t+59@example.com
Joshua Cook,QB11QBMP4232361878878230,b+04@example.com
David Turner,AI25UVUB9816526295939291,b+96@example.com
Gabriel Brooks,BN28AMIC9885511373696422,m+30@example.com
Jennifer Thomas,TV53YCZJ9230666393821415,e+54@example.com
Matthew Ramirez,TQ07OIPV4039665351056944,p+46@example.com
Andrew Bailey,PD48LKBQ0359110480313433,s+40@example.com
Daniel Powell,SQ48ZGFR9283392146957924,o+19@example.com
Ella Murphy,WN04TSXX7901332421641185,s+71@example.com
Scarlett Ward,GC62MIEH6725233700023588,c+71@example.com
David Taylor,NH15JRWZ2063969975556254,g+94@example.com
Andrew Ross,XW22VLFV5004337403592843,x+68@example.com
Sofia Roberts,XS28UIFH8290643015541915,z+46@example.com
Avery Howard,YO83EQZG9459520413843964,u+48@example.com
Lily Price,LD59HEYU3536832362893843,p+72@example.com
Benjamin Simmons,OJ96RLYG4494734702702427,e+34@example.com
Jessica Wilson,FS25OQOX5956121524081889,b+47@example.com
Chloe Edwards,FM73EXNJ7098505896329747,g+24@example.com
Ethan Hughes,QH19CAFW4384606640088765,s+52@example.com
Mia Hill,BL74LCXR0903727217074353,u+66@example.com
Samantha Ward,EU08MDJI4499420301024282,x+03@example.com
Sophia Reed,ZG30IJKY2654672634611050,g+00@example.com
Alexander Mitchell,SB75JTGH2973342833797278,g+63@example.com
Olivia Walker,FK36BUDY8695974266782361,m+76@example.com
Christopher Powell,TY54VKWB9970690529757887,b+24@example.com
Penelope Watson,WR00KGYL3690135708112853,t+52@example.com
Sophia Young,SW33USQT2593131146896962,t+84@example.com
Jacob Rivera,MQ53FBBG4073421087646576,g+71@example.com
Hannah Cox,IR99HTFK4305219258489747,b+05@example.com
Daniel Clark,NW75BGRS8369817463052098,m+86@example.com
Daniel Cox,CD20CUVR1346872486883452,x+91@example.com
Scarlett Richardson,RL09EPDX7528085017889954,t+72@example.com
Natalie Reed,RV80WODB5645769044334624,o+35@example.com
Grace Carter,TB52SFTP2737020287888904,c+98@example.com
James Turner,XP63GDCF7781219037233860,y+60@example.com
Matthew Morris,RT40EGDB5289443880625844,o+17@example.com
Ava Patterson,QM29ILRM5092568450064592,z+34@example.com
Aria Gray,DV99CAWB4227185951211429,o+09@example.com
Aubrey Sanders,WN79SFLC6822028389131629,d+66@example.com
Matthew Hernandez,PZ20TDKS1337108220465587,m+60@example.com
Olivia Brooks,LV65XMHU3760504093228049,u+86@example.com
Christopher Martinez,WT28XOGH7670593356687718,u+57@example.com
Victoria Phillips,PR71WSUL3373086299649222,c+58@example.com
Samuel Perez,UN71NLQM3713425964520286,q+15@example.com
William King,WF29DPEL3946837047900360,i+07@example.com
Avery Perry,SC56HZLC3111620054580285,f+37@example.com
Sarah Anderson,XN28OLKG6005102717648101,c+19@example.com
Joseph Ward,TS03YAUV5063724992302375,j+95@example.com
Samuel Long,UM71LTOZ1108341097030759,v+94@example.com
Daniel Evans,NJ84VLIQ2717525477716970,u+35@example.com
David Powell,BO80RTWA2933385575237636,q+96@example.com
Samuel Reed,FB90QXUJ6134824705227810,f+19@example.com
Daniel Perry,HX65KJTA1396445493572829,y+31@example.com
Christopher Bailey,IM52EEDR9161910354344160,u+35@example.com
Elizabeth Lewis,WY43KPFF7444982123483617,l+21@example.com
Joshua Reed,EG49ESEH4355975533021381,v+77@example.com
Ava Scott,RR43VUYJ8370731682028408,n+06@example.com
Aria Torres,ZP20ZSVN2900225260418349,o+06@example.com
David Garcia,ZL76WUPX3728428962231781,f+97@example.com
Ethan Wright,YU21VOFP9534964776129045,s+22@example.com
Zoe Sanchez,ZR65BGMN5054055935068219,g+67@example.com
Emily Watson,XJ16DIQT5179010722315422,p+92@example.com
Andrew Foster,NB58JYUS9047061593033995,v+04@example.com
Audrey Reed,VW07DNIH7152903175306656,y+01@example.com
Jacob Bailey,QY35GLWR6087633268614110,a+91@example.com
James Hughes,PT24DWFB6710232327838459,y+56@example.com
Layla Brooks,OA88XHOR8270115922298448,x+94@example.com
Victoria Mitchell,AY39SRFC6584865990060959,f+36@example.com
Josephine Gray,ZX68RDOT8979612225584620,a+11@example.com
Avery Mitchell,CO81BRNH2175798500621899,p+13@example.com
Audrey Butler,SN62HWXY8712026112561260,h+81@example.com
Chloe Sanders,NS17RMIJ5146722950890727,u+88@example.com
Andrew Lee,NF65JXJQ2625628522539830,o+04@example.com
Madison Patterson,TD29AEPL4105196937331223,q+42@example.com
Joseph Hall,AV82CBJC5729919316264078,v+66@example.com
Layla Perry,UX41WAMP4401438786789569,a+25@example.com
Abigail Nelson,XG10BMFI7196495106021090,h+26@example.com
William Long,VE04WJIF2023511187974177,h+05@example.com
Michael Patterson,NA76CUDU4028735454681812,q+63@example.com
Grace Cox,WL65PXRS4630554009141740,c+96@example.com
Charlotte Baker,GH41CYNM9993826052887087,r+65@example.com
Laura Moore,NI33YITO5980937839625844,a+00@example.com
Daniel Phillips,GW69NCED6595613543369289,h+40@example.com
David Rodriguez,ZF83QTIK2093510085478891,y+14@example.com
Samuel Clark,KT44MXNQ7249551121872917,z+63@example.com
James Thomas,IJ02YJZN1459113278591727,t+45@example.com
Harper Young,HG63XUMM8029320556780672,v+89@example.com
Joseph Lee,LM52HKCB2384225797244246,h+01@example.com
Benjamin Johnson,UK46XCJK5130346395669069,n+80@example.com
Addison Hernandez,WD52FTUZ8278815624905675,k+90@example.com
Evelyn Scott,NA38ISGF6658874953084910,x+56@example.com
Christopher Anderson,EV25EYNT8611553704952671,l+65@example.com
Lily Thompson,YG32AIZY9488675037370706,e+93@example.com
Joseph Young,EK58GJRI3494492520481496,i+91@example.com
Brooklyn Hall,EF62PIJZ9881548659721222,v+86@example.com
Sophia Martinez,MJ34AOFS7606755782424999,f+85@example.com
Aria Robinson,WH39HFYD7954475145033871,k+86@example.com
Isabella Robinson,UA22PBJL5345594418538644,k+84@example.com
Christopher King,OM60BCJZ8074608343094365,s+79@example.com
Ella Walker,FJ51QVCZ4071876469072835,q+93@example.com
Grace Taylor,NX52VYJQ7332172388663407,w+57@example.com
Samuel Harris,KQ93FGEY6361663962535877,r+77@example.com
Benjamin Hernandez,LY42SXCS6002449311267945,u+75@example.com
Victoria Wilson,TE94QYDP6805848077193773,b+49@example.com
Daniel Wilson,BL91WYEM7893463245289011,k+69@example.com
Matthew Adams,IX35DFVK6952181976345520,r+80@example.com
Matthew Thompson,FH49EBUS9790640749129224,g+14@example.com
Zoe Turner,PE97VTKD2117787476167401,b+11@example.com
Joseph White,ND01TMBO1447382433152715,v+28@example.com
Andrew Scott,GR31KOSL5868902598342398,h+23@example.com
Madison Martinez,LK11TXLK9955464498656415,l+50@example.com
William Walker,WK05HWZD5591225804593608,i+92@example.com
David Lewis,OA37CQDJ5874702614492234,j+76@example.com
Jackson Turner,WM39ZLRO8923014308284958,i+75@example.com
Aubrey Wright,YI62HTEN5739745820890142,w+38@example.com
Olivia Taylor,TE45XENC2105749011568013,w+49@example.com
Hannah Mitchell,DM59BZQF5862676480464137,o+07@example.com
Scarlett Allen,BS06UUKY7010484849656585,m+31@example.com
Amelia Allen,OI76JTQR8783503631662856,u+61@example.com
Daniel Carter,IC45NSEU7014035399074000,o+00@example.com
Abigail Hall,YE33IPZN5036182368776050,z+21@example.com
Natalie Baker,KD27WFUW1994525153688845,n+14@example.com
Michael Brown,FU72XWUI7778741314347558,c+92@example.com
Matthew Carter,FO50WRNR6368136727316283,x+19@example.com
Sofia Mitchell,TW60ZFZE5455186650176728,l+48@example.com
Avery Nelson,MK19QSLS5520104779010335,w+50@example.com
Grace Lewis,HW78GAHQ3332032503939240,o+28@example.com
Charlotte Wright,WP19QDYB8206191961152292,x+24@example.com
Andrew Martinez,VK52OTDE7058948010602650,v+00@example.com
Emma Davis,WO42WYBF5040063753517656,x+25@example.com
Daniel Adams,MY87UNZR9329832718368216,t+30@example.com
Lily Turner,EX24GVJP7144104973232484,c+76@example.com
William Davis,CG80EVJO5871950581852736,a+29@example.com
Alexander Hill,PD27IIZR0203047936829770,b+11@example.com
Samantha Lewis,UR27EPEW6749649738989206,r+10@example.com
Avery Hall,QS64LQLE2555553037497653,s+32@example.com
Chloe Nelson,QK76YHHS6347816505846314,e+88@example.com
Mia Lewis,TB08WWAL3671501213548985,s+75@example.com
Ava Garcia,NA30KDAE2038856374082263,y+38@example.com
Elizabeth Baker,FL14EEQD2184689902100152,b+96@example.com
